Cell ID,Cell Latitude,Cell Longitude,Cell Altitude,Hex Point 1 Lat,Hex Point 1 Long,Hex Point 2 Lat,Hex Point 2 Long,Hex Point 3 Lat,Hex Point 3 Long,Hex Point 4 Lat,Hex Point 4 Long,Hex Point 5 Lat,Hex Point 5 Long,Hex Point 6 Lat,Hex Point 6 Long,PSS
1,24.46678767,122.7741998,0,24.670198,122.84412,24.621583,122.608527,24.418162,122.539222,24.263523,122.70462,24.312003,122.939259,24.515257,123.009451,0
2,24.359778,123.1741682,0,24.563019,123.244974,24.515257,123.009451,24.312003,122.939259,24.156681,123.103706,24.204312,123.338273,24.407396,123.409346,1
3,24.25123617,123.5731052,0,24.454307,123.64479,24.407396,123.409346,24.204312,123.338273,24.048308,123.501767,24.09509,123.736254,24.298004,123.808201,0
4,24.50051083,123.8804973,0,24.703162,123.953146,24.656972,123.716824,24.454307,123.64479,24.298004,123.808201,24.344064,124.043557,24.546556,124.116466,1
5,24.74864283,124.1897298,0,24.950874,124.263352,24.905409,124.02615,24.703162,123.953146,24.546556,124.116466,24.591893,124.352693,24.793963,124.426572,2
6,24.14116533,123.971001,0,24.344064,124.043557,24.298004,123.808201,24.09509,123.736254,23.938408,123.898795,23.984342,124.133193,24.187084,124.206006,2
7,24.38941733,124.2791717,0,24.591893,124.352693,24.546556,124.116466,24.344064,124.043557,24.187084,124.206006,24.232295,124.441266,24.434612,124.515042,0
8,34.32669867,128.9907477,0,34.519215,129.087364,34.485385,128.815868,34.292821,128.720034,34.134368,128.894654,34.16806,129.164847,34.360343,129.261719,0
9,34.55228833,129.3591175,108,34.74442,129.457047,34.711396,129.184507,34.519215,129.087364,34.360343,129.261719,34.39323,129.532944,34.585126,129.631124,1
10,33.97543983,129.068497,0,34.16806,129.164847,34.134368,128.894654,33.941701,128.799079,33.783003,128.972666,33.816559,129.241567,34.008948,129.338169,1
11,32.817263,128.5011495,0,33.010889,128.594447,32.97588,128.328844,32.782211,128.236298,32.623815,128.408347,32.658689,128.672705,32.852094,128.766256,1
12,34.200997,129.4352933,0,34.39323,129.532944,34.360343,129.261719,34.16806,129.164847,34.008948,129.338169,34.041701,129.608091,34.2337,129.70599,2
13,33.0451515,128.860305,0,33.238388,128.954857,33.204171,128.688244,33.010889,128.594447,32.852094,128.766256,32.886177,129.031613,33.07919,129.126413,2
14,32.46493567,128.57965,0,32.658689,128.672705,32.623815,128.408347,32.430019,128.316036,32.271359,128.487086,32.306099,128.750211,32.499633,128.843515,2
15,24.76779617,125.3001372,47,24.969243,125.376482,24.926215,125.138629,24.724748,125.062901,24.566491,125.224162,24.609398,125.46103,24.810682,125.537619,0
16,33.84936083,129.510719,0,34.041701,129.608091,34.008948,129.338169,33.816559,129.241567,33.657202,129.413869,33.689823,129.682501,33.881932,129.780117,0
17,33.271856,129.2217205,0,33.464701,129.317538,33.43128,129.049915,33.238388,128.954857,33.07919,129.126413,33.112479,129.392769,33.305098,129.488831,0
18,32.692817,128.9373145,0,32.886177,129.031613,32.852094,128.766256,32.658689,128.672705,32.499633,128.843515,32.533585,129.107627,32.726724,129.202171,0
19,33.497371,129.585407,0,33.689823,129.682501,33.657202,129.413869,33.464701,129.317538,33.305098,129.488831,33.337589,129.756184,33.529813,129.853519,1
20,32.919513,129.2972167,0,33.112479,129.392769,33.07919,129.126413,32.886177,129.031613,32.726724,129.202171,32.759883,129.46727,32.952625,129.563064,1
21,33.721691,129.9513753,0,33.913749,130.049758,33.881932,129.780117,33.689823,129.682501,33.529813,129.853519,33.561501,130.121869,33.753328,130.220488,2
22,33.1450185,129.659367,0,33.337589,129.756184,33.305098,129.488831,33.112479,129.392769,32.952625,129.563064,32.984988,129.82915,33.177332,129.926204,2
23,33.94481017,130.3196362,0,34.136471,130.419318,34.105463,130.14867,33.913749,130.049758,33.753328,130.220488,33.784211,130.489835,33.975639,130.589748,0
24,33.3693285,130.023776,104,33.561501,130.121869,33.529813,129.853519,33.337589,129.756184,33.177332,129.926204,33.208896,130.193277,33.40084,130.291603,0
25,32.7922945,129.7326093,0,32.984988,129.82915,32.952625,129.563064,32.759883,129.46727,32.599775,129.636578,32.632013,129.90141,32.824483,129.998184,0
26,26.3339285,126.8113788,6,26.533025,126.892939,26.493565,126.649711,26.294441,126.568789,26.134979,126.730219,26.17432,126.97241,26.373241,127.054205,0
27,34.16672233,130.6901995,0,34.357985,130.791192,34.32779,130.519537,34.136471,130.419318,33.975639,130.589748,34.005711,130.860091,34.196738,130.961311,1
28,33.59243683,130.3904543,12,33.784211,130.489835,33.753328,130.220488,33.561501,130.121869,33.40084,130.291603,33.431599,130.559661,33.623142,130.65927,1
29,33.01660183,130.0954718,442,33.208896,130.193277,33.177332,129.926204,32.984988,129.82915,32.824483,129.998184,32.855922,130.263991,33.04799,130.362025,1
30,32.43918967,129.8051447,0,32.632013,129.90141,32.599775,129.636578,32.406904,129.541053,32.246539,129.709386,32.278653,129.972973,32.471254,130.069468,1
31,34.38742183,131.0630757,59,34.578285,131.16539,34.548906,130.892729,34.357985,130.791192,34.196738,130.961311,34.225996,131.232647,34.416621,131.335185,2
32,33.81433817,130.7594122,82,34.005711,130.860091,33.975639,130.589748,33.784211,130.489835,33.623142,130.65927,33.653093,130.928313,33.844233,131.029216,2
33,33.23970717,130.4605807,0,33.431599,130.559661,33.40084,130.291603,33.208896,130.193277,33.04799,130.362025,33.078627,130.628806,33.270291,130.728112,2
34,32.66350217,130.1664732,270,32.855922,130.263991,32.824483,129.998184,32.632013,129.90141,32.471254,130.069468,32.502572,130.334021,32.694769,130.431765,2
35,32.08569483,129.8769832,0,32.278653,129.972973,32.246539,129.709386,32.053533,129.614128,31.892907,129.781495,31.924899,130.04385,32.117638,130.140067,2
36,31.50625667,129.5920088,0,31.699762,129.686505,31.666979,129.425104,31.473429,129.331331,31.312919,129.498003,31.34558,129.758193,31.538871,129.852917,2
37,34.60690283,131.4382748,0,34.797364,131.541922,34.768806,131.268258,34.578285,131.16539,34.416621,131.335185,34.44506,131.607514,34.635281,131.71138,0
38,34.03502583,131.1306592,67,34.225996,131.232647,34.196738,130.961311,34.005711,130.860091,33.844233,131.029216,33.873371,131.299241,34.064106,131.401449,0
39,33.4616045,130.827946,484,33.653093,130.928313,33.623142,130.65927,33.431599,130.559661,33.270291,130.728112,33.300122,130.995866,33.49138,131.096454,0
40,32.88661167,130.5300253,0,33.078627,130.628806,33.04799,130.362025,32.855922,130.263991,32.694769,130.431765,32.725286,130.697281,32.917076,130.796284,0
41,32.31002,130.2367895,0,32.502572,130.334021,32.471254,130.069468,32.278653,129.972973,32.117638,130.140067,32.148836,130.403377,32.341167,130.500831,0
42,31.73180133,129.9481347,0,31.924899,130.04385,31.892907,129.781495,31.699762,129.686505,31.538871,129.852917,31.570744,130.114051,31.763625,130.20999,0
43,26.44971333,127.5405563,0,26.64818,127.624032,26.610333,127.380102,26.411836,127.297266,26.251393,127.45749,26.289124,127.700373,26.487414,127.784075,0
44,34.8251585,131.8158067,0,35.015215,131.920799,34.987483,131.646131,34.797364,131.541922,34.635281,131.71138,34.662897,131.984701,34.852711,132.089907,1
45,34.2544945,131.5042053,645,34.44506,131.607514,34.416621,131.335185,34.225996,131.232647,34.064106,131.401449,34.092428,131.672457,34.282756,131.77598,1
46,33.68228833,131.1975777,0,33.873371,131.299241,33.844233,131.029216,33.653093,130.928313,33.49138,131.096454,33.520401,131.365181,33.711252,131.467061,1
47,33.108513,130.895811,870,33.300122,130.995866,33.270291,130.728112,33.078627,130.628806,32.917076,130.796284,32.94679,131.062762,33.138172,131.163036,1
48,32.53314167,130.5987977,-1,32.725286,130.697281,32.694769,130.431765,32.502572,130.334021,32.341167,130.500831,32.371567,130.765093,32.563489,130.863795,1
49,31.95614683,130.306431,216,32.148836,130.403377,32.117638,130.140067,31.924899,130.04385,31.763625,130.20999,31.794706,130.472068,31.987177,130.569234,1
50,31.37750017,130.018609,0,31.570744,130.114051,31.538871,129.852917,31.34558,129.758193,31.184422,129.923661,31.216177,130.183585,31.409207,130.279247,1
51,26.6853075,127.8681895,0,26.883347,127.952719,26.846251,127.70792,26.64818,127.624032,26.487414,127.784075,26.524396,128.027819,26.722257,128.112572,1
52,26.0904365,127.6170802,0,26.289124,127.700373,26.251393,127.45749,26.052675,127.37483,25.891892,127.534194,25.929511,127.776039,26.128024,127.859555,1
53,36.1765525,132.8425282,0,36.365212,132.952411,36.33976,132.671944,36.151029,132.562871,35.988076,132.733246,36.013417,133.012305,36.201821,133.122392,2
54,35.04218283,132.1956815,0,35.231834,132.30203,35.204931,132.026361,35.015215,131.920799,34.852711,132.089907,34.8795,132.364218,35.068906,132.470774,2
55,34.47273817,131.8800603,313,34.662897,131.984701,34.635281,131.71138,34.44506,131.607514,34.282756,131.77598,34.310258,132.047968,34.500177,132.152819,2
56,33.90175267,131.5694848,0,34.092428,131.672457,34.064106,131.401449,33.873371,131.299241,33.711252,131.467061,33.739459,131.736759,33.9299,131.839942,2
57,33.32920033,131.2638403,679,33.520401,131.365181,33.49138,131.096454,33.300122,130.995866,33.138172,131.163036,33.167078,131.430476,33.358049,131.532029,2
58,32.75505433,130.963017,631,32.94679,131.062762,32.917076,130.796284,32.725286,130.697281,32.563489,130.863795,32.593087,131.12901,32.784598,131.22897,2
59,32.179288,130.6669075,472,32.371567,130.765093,32.341167,130.500831,32.148836,130.403377,31.987177,130.569234,32.017461,130.832254,32.20952,130.930656,2
60,31.6018735,130.3754072,117,31.794706,130.472068,31.763625,130.20999,31.570744,130.114051,31.409207,130.279247,31.440171,130.540105,31.632788,130.636982,2
61,27.51138517,128.4557948,0,27.708364,128.542668,27.672664,128.295048,27.475651,128.208828,27.314556,128.369351,27.350141,128.61589,27.546935,128.702984,0
62,26.91972283,128.1977428,0,27.117336,128.283335,27.080993,128.037666,26.883347,127.952719,26.722257,128.112572,26.758486,128.357176,26.955918,128.442989,2
63,26.32613783,127.943481,0,26.524396,128.027819,26.487414,127.784075,26.289124,127.700373,26.128024,127.859555,26.164894,128.102253,26.362975,128.186811,2
64,36.389889,133.2330837,0,36.57814,133.344385,36.553536,133.062899,36.365212,132.952411,36.201821,133.122392,36.226316,133.402458,36.414309,133.513957,0
65,35.82467433,132.9028175,0,36.013417,133.012305,35.988076,132.733246,35.799264,132.624559,35.636113,132.793925,35.661343,133.071591,35.849833,133.181279,0
66,35.25796967,132.5779082,72,35.447212,132.685624,35.421143,132.408955,35.231834,132.30203,35.068906,132.470774,35.094864,132.746074,35.283859,132.853992,0
67,34.68975017,132.2582343,605,34.8795,132.364218,34.852711,132.089907,34.662897,131.984701,34.500177,132.152819,34.526854,132.425786,34.716362,132.531975,0
68,34.11999167,131.9436775,494,34.310258,132.047968,34.282756,131.77598,34.092428,131.672457,33.9299,131.839942,33.957289,132.11061,34.147319,132.215108,0
69,33.54866767,131.6341225,264,33.739459,131.736759,33.711252,131.467061,33.520401,131.365181,33.358049,131.532029,33.386143,131.80043,33.576702,131.903275,0
70,32.97575283,131.3294573,441,33.167078,131.430476,33.138172,131.163036,32.94679,131.062762,32.784598,131.22897,32.813391,131.495136,33.004488,131.596364,0
71,32.4012195,131.029573,1051,32.593087,131.12901,32.563489,130.863795,32.371567,130.765093,32.20952,130.930656,32.239004,131.194618,32.43065,131.294266,0
72,31.82504167,130.7343642,223,32.017461,130.832254,31.987177,130.569234,31.794706,130.472068,31.632788,130.636982,31.662958,130.898772,31.85516,130.996875,0
73,31.2471905,130.4437278,0,31.440171,130.540105,31.409207,130.279247,31.216177,130.183585,31.054373,130.347848,31.085224,130.607496,31.277991,130.704086,0
74,30.0863575,129.8757743,0,30.280489,129.969224,30.248181,129.712602,30.054005,129.619847,29.892385,129.7828,29.924579,130.038254,30.118506,130.131919,0
75,29.50331717,129.5982652,0,29.698039,129.690298,29.665066,129.43575,29.470302,129.344402,29.308752,129.506697,29.341611,129.760097,29.536133,129.852347,0
76,28.33183883,129.0557218,0,28.527771,129.145013,28.493484,128.894525,28.297513,128.8059,28.136058,128.966877,28.170233,129.216254,28.365974,129.305762,0
77,27.74333883,128.7905108,0,27.939892,128.878474,27.904954,128.629975,27.708364,128.542668,27.546935,128.702984,27.581761,128.950392,27.778127,129.038572,1
78,26.5606585,128.2717847,0,26.758486,128.357176,26.722257,128.112572,26.524396,128.027819,26.362975,128.186811,26.399094,128.43036,26.596743,128.51597,0
79,36.03798433,133.2915667,0,36.226316,133.402458,36.201821,133.122392,36.013417,133.012305,35.849833,133.181279,35.874221,133.45994,36.062298,133.571026,1
80,35.47251183,132.9624967,0,35.661343,133.071591,35.636113,132.793925,35.447212,132.685624,35.283859,132.853992,35.308981,133.130278,35.497563,133.23957,1
81,34.90552483,132.638736,245,35.094864,132.746074,35.068906,132.470774,34.8795,132.364218,34.716362,132.531975,34.742211,132.805919,34.931306,132.913456,1
82,34.33699933,132.320165,4,34.526854,132.425786,34.500177,132.152819,34.310258,132.047968,34.147319,132.215108,34.173886,132.486743,34.363502,132.592566,1
83,33.7669095,132.0066668,0,33.957289,132.11061,33.9299,131.839942,33.739459,131.736759,33.576702,131.903275,33.603981,132.172634,33.794126,132.276781,1
84,33.19523083,131.6981275,27,33.386143,131.80043,33.358049,131.532029,33.167078,131.430476,33.004488,131.596364,33.032472,131.863479,33.223155,131.965987,1
85,32.62193633,131.3944375,355,32.813391,131.495136,32.784598,131.22897,32.593087,131.12901,32.43065,131.294266,32.459331,131.559169,32.650561,131.660074,1
86,32.04699933,131.0954888,527,32.239004,131.194618,32.20952,130.930656,32.017461,130.832254,31.85516,130.996875,31.884533,131.259596,32.076318,131.358934,1
87,31.470393,130.8011772,766,31.662958,130.898772,31.632788,130.636982,31.440171,130.540105,31.277991,130.704086,31.30805,130.964657,31.5004,131.062461,1
88,30.89208933,130.5114017,0,31.085224,130.607496,31.054373,130.347848,30.86119,130.252461,30.699116,130.4158,30.729855,130.67425,30.922778,130.770555,1
89,30.31206067,130.2260623,0,30.505774,130.320688,30.474249,130.063152,30.280489,129.969224,30.118506,130.131919,30.14992,130.388277,30.343426,130.483114,1
90,29.73027767,129.9450642,0,29.924579,130.038254,29.892385,129.7828,29.698039,129.690298,29.536133,129.852347,29.568215,130.106642,29.762315,130.200044,1
91,28.56133033,129.3957188,0,28.756839,129.486127,28.72332,129.234753,28.527771,129.145013,28.365974,129.305762,28.399381,129.556018,28.594697,129.64664,2
92,27.97410517,129.127192,0,28.170233,129.216254,28.136058,128.966877,27.939892,128.878474,27.778127,129.038572,27.812191,129.286849,28.00813,129.376126,2
93,27.38500417,128.8626473,0,27.581761,128.950392,27.546935,128.702984,27.350141,128.61589,27.188395,128.775336,27.22311,129.021662,27.419683,129.10962,2
94,35.68580267,133.3494558,0,35.874221,133.45994,35.849833,133.181279,35.661343,133.071591,35.497563,133.23957,35.521845,133.516839,35.710011,133.627516,2
95,35.12005517,133.0215747,534,35.308981,133.130278,35.283859,132.853992,35.094864,132.746074,34.931306,132.913456,34.956321,133.188375,35.145,133.297273,2
96,34.55276917,132.6989565,561,34.742211,132.805919,34.716362,132.531975,34.526854,132.425786,34.363502,132.592566,34.389243,132.865167,34.578443,132.972326,2
97,33.98392017,132.3814827,0,34.173886,132.486743,34.147319,132.215108,33.957289,132.11061,33.794126,132.276781,33.820586,132.547097,34.010315,132.652557,2
98,33.41348283,132.0690375,0,33.603981,132.172634,33.576702,131.903275,33.386143,131.80043,33.223155,131.965987,33.250325,132.234051,33.440591,132.337848,2
99,32.84143233,131.7615097,391,33.032472,131.863479,33.004488,131.596364,32.813391,131.495136,32.650561,131.660074,32.678435,131.925916,32.869247,132.028089,2
100,32.2677415,131.4587903,736,32.459331,131.559169,32.43065,131.294266,32.239004,131.194618,32.076318,131.358934,32.104889,131.622586,32.296257,131.723169,2
101,31.6923845,131.1607732,650,31.884533,131.259596,31.85516,130.996875,31.662958,130.898772,31.5004,131.062461,31.529663,131.323953,31.721593,131.422982,2
102,31.11533333,130.8673558,549,31.30805,130.964657,31.277991,130.704086,31.085224,130.607496,30.922778,130.770555,30.952727,131.029917,31.14523,131.127424,2
103,30.536561,130.5784373,0,30.729855,130.67425,30.699116,130.4158,30.505774,130.320688,30.343426,130.483114,30.374055,130.740376,30.56714,130.836396,2
104,28.20368067,129.4658475,0,28.399381,129.556018,28.365974,129.305762,28.170233,129.216254,28.00813,129.376126,28.041428,129.625272,28.236938,129.715653,1
105,35.3333345,133.4067595,209,35.521845,133.516839,35.497563,133.23957,35.308981,133.130278,35.145,133.297273,35.169178,133.573164,35.35744,133.683433,0
106,34.767295,133.080061,386,34.956321,133.188375,34.931306,132.913456,34.742211,132.805919,34.578443,132.972326,34.603353,133.245892,34.792136,133.354398,0
107,34.19969283,132.7585787,0,34.389243,132.865167,34.363502,132.592566,34.173886,132.486743,34.010315,132.652557,34.03595,132.923828,34.225261,133.030611,0
108,33.63050333,132.4421957,0,33.820586,132.547097,33.794126,132.276781,33.603981,132.172634,33.440591,132.337848,33.466944,132.606858,33.656792,132.711956,0
109,33.05970217,132.130799,0,33.250325,132.234051,33.223155,131.965987,33.032472,131.863479,32.869247,132.028089,32.89631,132.294869,33.086704,132.398319,0
110,32.487263,131.8242775,0,32.678435,131.925916,32.650561,131.660074,32.459331,131.559169,32.296257,131.723169,32.324023,131.987749,32.514971,132.089588,0
111,31.9131595,131.5225247,0,32.104889,131.622586,32.076318,131.358934,31.884533,131.259596,31.721593,131.422982,31.750057,131.685394,31.941567,131.785656,0
112,31.33736583,131.2254353,0,31.529663,131.323953,31.5004,131.062461,31.30805,130.964657,31.14523,131.127424,31.174385,131.387698,31.366467,131.486419,0
113,30.75985383,130.9329087,0,30.952727,131.029917,30.922778,130.770555,30.729855,130.67425,30.56714,130.836396,30.59698,131.094561,30.789643,131.191773,0
114,30.18059633,130.644845,0,30.374055,130.740376,30.343426,130.483114,30.14992,130.388277,29.987295,130.549799,30.017815,130.805884,30.211067,130.90162,0
115,28.432061,129.8064857,0,28.627334,129.897773,28.594697,129.64664,28.399381,129.556018,28.236938,129.715653,28.269468,129.965668,28.464548,130.057162,0
116,45.468831,140.8106755,0,45.64881,140.96273,45.640589,140.635777,45.460455,140.48474,45.289057,140.659545,45.297228,140.98456,45.476847,141.136701,1
117,35.54535617,133.7942992,0,35.733448,133.905766,35.710011,133.627516,35.521845,133.516839,35.35744,133.683433,35.380776,133.960295,35.568617,134.071946,1
118,34.98057,133.4634873,346,35.169178,133.573164,35.145,133.297273,34.956321,133.188375,34.792136,133.354398,34.816211,133.628925,35.004574,133.738789,1
119,34.4142215,133.137964,288,34.603353,133.245892,34.578443,132.972326,34.389243,132.865167,34.225261,133.030611,34.250069,133.302836,34.43896,133.410952,1
120,33.84628633,132.8176112,163,34.03595,132.923828,34.010315,132.652557,33.820586,132.547097,33.656792,132.711956,33.682324,132.98191,33.871751,133.088319,1
121,33.27674017,132.5023137,143,33.466944,132.606858,33.440591,132.337848,33.250325,132.234051,33.086704,132.398319,33.112952,132.666034,33.302925,132.770772,1
122,31.55818133,131.5856495,0,31.750057,131.685394,31.721593,131.422982,31.529663,131.323953,31.366467,131.486419,31.394825,131.747603,31.586483,131.847546,1
123,30.40394517,130.9978443,0,30.59698,131.094561,30.56714,130.836396,30.374055,130.740376,30.211067,130.90162,30.240801,131.158598,30.433628,131.255515,1
124,35.75611333,134.1842023,0,35.943785,134.297068,35.921197,134.017839,35.733448,133.905766,35.568617,134.071946,35.591107,134.349775,35.778526,134.46282,2
125,35.19258817,133.8492438,962,35.380776,133.960295,35.35744,133.683433,35.169178,133.573164,35.004574,133.738789,35.027811,134.014275,35.21575,134.125507,2
126,34.62749983,133.5196473,254,34.816211,133.628925,34.792136,133.354398,34.603353,133.245892,34.43896,133.410952,34.462935,133.684128,34.651404,133.793589,2
127,34.06082533,133.1952927,0,34.250069,133.302836,34.225261,133.030611,34.03595,132.923828,33.871751,133.088319,33.896458,133.359216,34.085463,133.466946,2
128,33.4925405,132.8760627,119,33.682324,132.98191,33.656792,132.711956,33.466944,132.606858,33.302925,132.770772,33.328354,133.039422,33.517904,133.145458,2
129,32.92262067,132.561845,0,33.112952,132.666034,33.086704,132.398319,32.89631,132.294869,32.732455,132.4582,32.7586,132.724634,32.948703,132.829014,2
130,28.30126933,130.215888,0,28.496306,130.308045,28.464548,130.057162,28.269468,129.965668,28.106381,130.124189,28.138034,130.373953,28.332879,130.466311,1
131,45.30453333,141.309661,0,45.483995,141.46281,45.476847,141.136701,45.297228,140.98456,45.125272,141.157437,45.132377,141.481617,45.311481,141.634841,0
132,35.40334217,134.2373392,40,35.591107,134.349775,35.568617,134.071946,35.380776,133.960295,35.21575,134.125507,35.238144,134.40195,35.425659,134.514562,0
133,34.83952167,133.903637,52,35.027811,134.014275,35.004574,133.738789,34.816211,133.628925,34.651404,133.793589,34.674543,134.067714,34.862587,134.17853,0
134,34.27411433,133.5752482,0,34.462935,133.684128,34.43896,133.410952,34.250069,133.302836,34.085463,133.466946,34.109339,133.738783,34.29792,133.847844,0
135,33.707097,133.2520548,909,33.896458,133.359216,33.871751,133.088319,33.682324,132.98191,33.517904,133.145458,33.54251,133.415041,33.731635,133.522385,0
136,33.13844567,132.933942,628,33.328354,133.039422,33.302925,132.770772,33.112952,132.666034,32.948703,132.829014,32.974031,133.096372,33.163709,133.202038,0
137,32.56813583,132.620798,0,32.7586,132.724634,32.732455,132.4582,32.541929,132.355096,32.377835,132.517502,32.403879,132.782666,32.594117,132.88669,0
138,45.49027633,141.788994,0,45.669271,141.944085,45.663151,141.616892,45.483995,141.46281,45.311481,141.634841,45.317563,141.960091,45.496197,142.115245,1
139,44.952965,141.3293158,0,45.132377,141.481617,45.125272,141.157437,44.945705,141.006132,44.773751,141.177929,44.780813,141.500203,44.959872,141.652577,1
140,35.6128255,134.6277818,21,35.800165,134.741614,35.778526,134.46282,35.591107,134.349775,35.425659,134.514562,35.447204,134.791959,35.634292,134.905961,1
141,35.05027983,134.289941,231,35.238144,134.40195,35.21575,134.125507,35.027811,134.014275,34.862587,134.17853,34.884885,134.453601,35.072502,134.565783,1
142,34.48614683,133.9574863,0,34.674543,134.067714,34.651404,133.793589,34.462935,133.684128,34.29792,133.847844,34.320963,134.12062,34.509116,134.231023,1
143,33.92040383,133.6302982,626,34.109339,133.738783,34.085463,133.466946,33.896458,133.359216,33.731635,133.522385,33.755415,133.792898,33.944113,133.901561,1
144,33.353027,133.3082595,0,33.54251,133.415041,33.517904,133.145458,33.328354,133.039422,33.163709,133.202038,33.188217,133.470318,33.377468,133.57728,1
145,32.78399267,132.9912573,110,32.974031,133.096372,32.948703,132.829014,32.7586,132.724634,32.594117,132.88669,32.619347,133.152768,32.809158,133.258066,1
146,45.13861917,141.8058705,22,45.317563,141.960091,45.311481,141.634841,45.132377,141.481617,44.959872,141.652577,44.965917,141.975907,45.144505,142.13019,2
147,43.52321283,140.458701,0,43.70345,140.604846,43.694479,140.288409,43.5141,140.143222,43.343169,140.313417,43.352089,140.628039,43.53199,140.774273,2
148,42.43972067,139.5996802,0,42.620843,139.740759,42.610028,139.430003,42.428774,139.289856,42.258789,139.459422,42.269545,139.768429,42.450345,139.909612,2
149,35.82103117,135.0205793,0,36.007943,135.135818,35.987158,134.856062,35.800165,134.741614,35.634292,134.905961,35.654986,135.184309,35.841643,135.299712,2
150,35.259768,134.6785678,499,35.447204,134.791959,35.425659,134.514562,35.238144,134.40195,35.072502,134.565783,35.093956,134.841797,35.281143,134.955356,2
151,34.6969165,134.3420153,0,34.884885,134.453601,34.862587,134.17853,34.674543,134.067714,34.509116,134.231023,34.531322,134.504734,34.719046,134.61649,2
152,34.13245433,134.0108005,591,34.320963,134.12062,34.29792,133.847844,34.109339,133.738783,33.944113,133.901561,33.967061,134.173001,34.15533,134.282994,2
153,33.56635883,133.6848053,15,33.755415,133.792898,33.731635,133.522385,33.54251,133.415041,33.377468,133.57728,33.401152,133.84648,33.589973,133.954748,2
154,32.99860583,133.3639147,0,33.188217,133.470318,33.163709,133.202038,32.974031,133.096372,32.809158,133.258066,32.833569,133.525056,33.022951,133.631638,2
155,45.32277967,142.2854037,0,45.50125,142.441556,45.496197,142.115245,45.317563,141.960091,45.144505,142.13019,45.149526,142.454568,45.327637,142.610772,0
156,44.787016,141.8225482,75,44.965917,141.975907,44.959872,141.652577,44.780813,141.500203,44.608309,141.670105,44.614318,141.991538,44.792867,142.144959,0
157,44.24995133,141.3679368,0,44.429288,141.51857,44.422267,141.198181,44.24278,141.04852,44.070808,141.218198,44.077787,141.536724,44.256778,141.687428,0
158,43.17186883,140.482663,402,43.352089,140.628039,43.343169,140.313417,43.162809,140.168988,42.99184,140.338139,43.000709,140.650966,43.180597,140.796429,0
159,42.63082333,140.0516207,339,42.811492,140.194461,42.801646,139.882666,42.620843,139.740759,42.450345,139.909612,42.460135,140.219645,42.640479,140.362581,0
160,42.088423,139.6280635,0,42.269545,139.768429,42.258789,139.459422,42.077537,139.319978,41.90749,139.48851,41.918187,139.795787,42.09899,139.936255,0
161,35.46797933,135.0695252,421,35.654986,135.184309,35.634292,134.905961,35.447204,134.791959,35.281143,134.955356,35.301748,135.23231,35.488503,135.347256,0
162,34.90641667,134.728843,52,35.093956,134.841797,35.072502,134.565783,34.884885,134.453601,34.719046,134.61649,34.740409,134.891134,34.927702,135.004253,0
163,34.34324267,134.3935702,0,34.531322,134.504734,34.509116,134.231023,34.320963,134.12062,34.15533,134.282994,34.177444,134.555359,34.365281,134.666691,0
164,33.77843467,134.0635872,117,33.967061,134.173001,33.944113,133.901561,33.755415,133.792898,33.589973,133.954748,33.612828,134.224865,33.801218,134.33445,0
165,44.97110067,142.2992995,45,45.149526,142.454568,45.144505,142.13019,44.965917,141.975907,44.792867,142.144959,44.797859,142.467427,44.97593,142.622746,1
166,44.4354525,141.8390302,174,44.614318,141.991538,44.608309,141.670105,44.429288,141.51857,44.256778,141.687428,44.262752,142.006986,44.44127,142.159554,1
167,43.89847783,141.3869115,0,44.077787,141.536724,44.070808,141.218198,43.891349,141.069346,43.719359,141.237983,43.726298,141.554668,43.905266,141.70455,1
168,43.36016483,140.9427487,0,43.539922,141.089931,43.53199,140.774273,43.352089,140.628039,43.180597,140.796429,43.188484,141.11028,43.367907,141.25754,1
169,42.82049967,140.5063522,118,43.000709,140.650966,42.99184,140.338139,42.811492,140.194461,42.640479,140.362581,42.649298,140.673633,42.82918,140.818333,1
170,42.279469,140.0775388,338,42.460135,140.219645,42.450345,139.909612,42.269545,139.768429,42.09899,139.936255,42.108727,140.244546,42.289072,140.386746,1
171,37.34623617,136.5315042,0,37.531251,136.653514,37.513773,136.366998,37.328663,136.245805,37.161396,136.410161,37.178794,136.695196,37.36354,136.817351,1
172,35.67490667,135.4628205,0,35.86148,135.579008,35.841643,135.299712,35.654986,135.184309,35.488503,135.347256,35.508254,135.625147,35.694574,135.741491,1
173,35.11464083,135.117977,343,35.301748,135.23231,35.281143,134.955356,35.093956,134.841797,34.927702,135.004253,34.948219,135.279827,35.135077,135.394319,1
174,34.552762,134.7786148,0,34.740409,134.891134,34.719046,134.61649,34.531322,134.504734,34.365281,134.666691,34.386555,134.939979,34.573959,135.052661,1
175,33.9892485,134.4446133,73,34.177444,134.555359,34.15533,134.282994,33.967061,134.173001,33.801218,134.33445,33.823241,134.605482,34.011197,134.716394,1
176,33.42407817,134.1158542,205,33.612828,134.224865,33.589973,133.954748,33.401152,133.84648,33.23549,134.007413,33.258255,134.27622,33.446771,134.385399,1
177,44.6194695,142.3130322,115,44.797859,142.467427,44.792867,142.144959,44.614318,141.991538,44.44127,142.159554,44.446232,142.480135,44.624271,142.63458,2
178,44.0839145,141.8553205,131,44.262752,142.006986,44.256778,141.687428,44.077787,141.536724,43.905266,141.70455,43.911205,142.022255,44.089699,142.17398,2
179,43.5470085,141.4056672,379,43.726298,141.554668,43.719359,141.237983,43.539922,141.089931,43.367907,141.25754,43.374806,141.572406,43.553759,141.721475,2
180,43.0087385,140.9638797,601,43.188484,141.11028,43.180597,140.796429,43.000709,140.650966,42.82918,140.818333,42.837023,141.130397,43.016438,141.276873,2
181,42.46909217,140.5297727,0,42.649298,140.673633,42.640479,140.362581,42.460135,140.219645,42.289072,140.386746,42.297843,140.696043,42.477726,140.839988,2
182,41.928056,140.1031655,0,42.108727,140.244546,42.09899,139.936255,41.918187,139.795787,41.74757,139.962599,41.757254,140.269167,41.937608,140.410639,2
183,37.54794233,136.9401765,0,37.732519,137.063678,37.715925,136.776196,37.531251,136.653514,37.36354,136.817351,37.380057,137.10334,37.564362,137.22698,2
184,36.9937035,136.573706,0,37.178794,136.695196,37.161396,136.410161,36.976212,136.289479,36.808785,136.452877,36.826105,136.736445,37.010929,136.858078,2
185,36.43791,136.2131787,0,36.623521,136.332702,36.605329,136.050081,36.419628,135.931355,36.25247,136.094301,36.270581,136.375481,36.455931,136.495152,2
186,35.880543,135.8584615,0,36.066681,135.976063,36.047705,135.695823,35.86148,135.579008,35.694574,135.741491,35.713468,136.020316,35.89935,136.138068,2
187,35.32158183,135.5094247,778,35.508254,135.625147,35.488503,135.347256,35.301748,135.23231,35.135077,135.394319,35.154744,135.67082,35.341165,135.786696,2
188,34.761006,135.1659422,225,34.948219,135.279827,34.927702,135.004253,34.740409,134.891134,34.573959,135.052661,34.59439,135.326868,34.781357,135.44091,2
189,34.19879417,134.8278912,0,34.386555,134.939979,34.365281,134.666691,34.177444,134.555359,34.011197,134.716394,34.032384,134.988338,34.219904,135.100586,2
190,33.63492467,134.4951518,157,33.823241,134.605482,33.801218,134.33445,33.612828,134.224865,33.446771,134.385399,33.468705,134.655111,33.656785,134.765604,2
191,33.069375,134.167609,0,33.258255,134.27622,33.23549,134.007413,33.046541,133.899537,32.880656,134.059563,32.90333,134.327072,33.091978,134.435849,0
192,44.80199,142.7899455,0,44.979897,142.94624,44.97593,142.622746,44.797859,142.467427,44.624271,142.63458,44.628214,142.956173,44.805769,143.112507,0
193,44.26787183,142.3266042,314,44.446232,142.480135,44.44127,142.159554,44.262752,142.006986,44.089699,142.17398,44.094632,142.492695,44.272646,142.646275,0
194,43.73238867,141.8714225,47,43.911205,142.022255,43.905266,141.70455,43.726298,141.554668,43.553759,141.721475,43.559663,142.037348,43.738141,142.188239,0
195,43.19552917,141.4242073,5,43.374806,141.572406,43.367907,141.25754,43.188484,141.11028,43.016438,141.276873,43.023298,141.58994,43.202242,141.738205,0
196,42.657282,140.9847705,677,42.837023,141.130397,42.82918,140.818333,42.649298,140.673633,42.477726,140.839988,42.485525,141.150285,42.66494,141.295987,0
197,42.11763367,140.5529293,0,42.297843,140.696043,42.289072,140.386746,42.108727,140.244546,41.937608,140.410639,41.946331,140.718202,42.126221,140.8614,0
198,41.57657183,140.128506,539,41.757254,140.269167,41.74757,139.962599,41.566757,139.82284,41.396072,139.98865,41.405705,140.293514,41.586073,140.434266,0
199,37.19540717,136.9803745,0,37.380057,137.10334,37.36354,136.817351,37.178794,136.695196,37.010929,136.858078,37.027371,137.14259,37.211752,137.265692,0
200,36.64093267,136.6154717,0,36.826105,136.736445,36.808785,136.452877,36.623521,136.332702,36.455931,136.495152,36.473173,136.77727,36.658081,136.898384,0
201,36.08488117,136.256455,10,36.270581,136.375481,36.25247,136.094301,36.066681,135.976063,35.89935,136.138068,35.917382,136.417823,36.102823,136.536994,0
202,35.52723283,135.9031933,13,35.713468,136.020316,35.694574,135.741491,35.508254,135.625147,35.341165,135.786696,35.359977,136.06412,35.545959,136.18139,0
203,34.96796783,135.555559,407,35.154744,135.67082,35.135077,135.394319,34.948219,135.279827,34.781357,135.44091,34.800941,135.716033,34.987469,135.831445,0
204,34.40706517,135.2134278,0,34.59439,135.326868,34.573959,135.052661,34.386555,134.939979,34.219904,135.100586,34.240251,135.373439,34.427332,135.487034,0
205,33.8445035,134.8766787,0,34.032384,134.988338,34.011197,134.716394,33.823241,134.605482,33.656785,134.765604,33.677886,135.036218,33.865528,135.148036,0
206,44.45033733,142.800765,615,44.628214,142.956173,44.624271,142.63458,44.446232,142.480135,44.272646,142.646275,44.276566,142.96599,44.454095,143.121437,1
207,43.91629383,142.3400188,148,44.094632,142.492695,44.089699,142.17398,43.911205,142.022255,43.738141,142.188239,43.743045,142.50511,43.921041,142.657834,1
208,43.38086067,141.887339,42,43.559663,142.037348,43.553759,141.721475,43.374806,141.572406,43.202242,141.738205,43.208113,142.052267,43.386581,142.202333,1
209,42.84402717,141.4425362,172,43.023298,141.58994,43.016438,141.276873,42.837023,141.130397,42.66494,141.295987,42.671761,141.607275,42.850703,141.754745,1
210,42.30578167,141.005425,52,42.485525,141.150285,42.477726,140.839988,42.297843,140.696043,42.126221,140.8614,42.133977,141.16995,42.313398,141.314884,1
211,41.7661115,140.5758263,87,41.946331,140.718202,41.937608,140.410639,41.757254,140.269167,41.586073,140.434266,41.59475,140.740113,41.774653,140.882571,1
212,41.22500417,140.1535652,0,41.405705,140.293514,41.396072,139.98865,41.215242,139.849593,41.044484,140.014412,41.054066,140.317592,41.234456,140.45763,1
213,40.68244567,139.7384713,0,40.863632,139.87605,40.853104,139.573849,40.671793,139.437151,40.501439,139.601671,40.511912,139.902216,40.692794,140.039891,1
214,37.395787,137.3894668,0,37.579993,137.513919,37.564362,137.22698,37.380057,137.10334,37.211752,137.265692,37.227311,137.551144,37.411247,137.675726,1
215,36.84264133,137.0201558,0,37.027371,137.14259,37.010929,136.858078,36.826105,136.736445,36.658081,136.898384,36.674449,137.181435,36.858913,137.304003,1
216,36.28791383,136.6568078,367,36.473173,136.77727,36.455931,136.495152,36.270581,136.375481,36.102823,136.536994,36.119988,136.817675,36.304987,136.938275,1
217,35.73158717,136.29929,810,35.917382,136.417823,35.89935,136.138068,35.713468,136.020316,35.545959,136.18139,35.563912,136.459734,35.749452,136.578409,1
218,35.1736405,135.9474727,81,35.359977,136.06412,35.341165,135.786696,35.154744,135.67082,34.987469,135.831445,35.006201,136.107481,35.192287,136.224274,1
219,34.61405483,135.6012308,14,34.800941,135.716033,34.781357,135.44091,34.59439,135.326868,34.427332,135.487034,34.446834,135.760794,34.633475,135.875746,1
220,34.0528085,135.2604413,38,34.240251,135.373439,34.219904,135.100586,34.032384,134.988338,33.865528,135.148036,33.885791,135.419549,34.072993,135.5327,1
221,44.63129967,143.2778055,0,44.808688,143.435103,44.805769,143.112507,44.628214,142.956173,44.454095,143.121437,44.456997,143.442144,44.634035,143.599469,2
222,44.09871217,142.8114585,563,44.276566,142.96599,44.272646,142.646275,44.094632,142.492695,43.921041,142.657834,43.924939,142.975694,44.102449,143.130263,2
223,43.5647215,142.3532785,451,43.743045,142.50511,43.738141,142.188239,43.559663,142.037348,43.386581,142.202333,43.391456,142.517381,43.569443,142.66926,2
224,43.02931717,141.9030732,143,43.208113,142.052267,43.202242,141.738205,43.023298,141.58994,42.850703,141.754745,42.856541,142.067016,43.035006,142.216266,2
225,42.49248917,141.460657,0,42.671761,141.607275,42.66494,141.295987,42.485525,141.150285,42.313398,141.314884,42.320182,141.624414,42.499129,141.771097,2
226,41.95422517,141.0258477,0,42.133977,141.16995,42.126221,140.8614,41.946331,140.718202,41.774653,140.882571,41.782368,141.189394,41.961801,141.333569,2
227,41.41451333,140.5984683,0,41.59475,140.740113,41.586073,140.434266,41.405705,140.293514,41.234456,140.45763,41.243086,140.761781,41.42301,140.903506,2
228,40.87334117,140.1783475,0,41.054066,140.317592,41.044484,140.014412,40.863632,139.87605,40.692794,140.039891,40.702326,140.341404,40.882745,140.480736,2
229,40.33069433,139.7653173,0,40.511912,139.902216,40.501439,139.601671,40.320098,139.465642,40.149653,139.629188,40.160073,139.928097,40.340991,140.06509,2
230,38.145076,138.1809192,0,38.328316,138.30896,38.314405,138.018609,38.131059,137.891394,37.962008,138.053581,37.975853,138.342406,38.158815,138.470565,2
231,37.0430275,137.427238,0,37.227311,137.551144,37.211752,137.265692,37.027371,137.14259,36.858913,137.304003,36.874401,137.587983,37.058417,137.712016,2
232,36.489634,137.059527,511,36.674449,137.181435,36.658081,136.898384,36.473173,136.77727,36.304987,136.938275,36.321281,137.219879,36.505833,137.341919,2
233,35.934637,136.6977212,565,36.119988,136.817675,36.102823,136.536994,35.917382,136.417823,35.749452,136.578409,35.766541,136.857668,35.951636,136.977758,2
234,35.3780175,136.3416903,162,35.563912,136.459734,35.545959,136.18139,35.359977,136.06412,35.192287,136.224274,35.210164,136.50122,35.395806,136.619404,2
235,34.8197565,135.9913067,388,35.006201,136.107481,34.987469,135.831445,34.800941,135.716033,34.633475,135.875746,34.652128,136.150408,34.838325,136.266727,2
236,34.25983283,135.6464467,422,34.446834,135.760794,34.427332,135.487034,34.240251,135.373439,34.072993,135.5327,34.092414,135.805109,34.279173,135.919604,2
237,33.69822633,135.3069893,0,33.885791,135.419549,33.865528,135.148036,33.677886,135.036218,33.510821,135.195017,33.531002,135.465203,33.71833,135.577913,2
238,44.27963217,143.2857442,25,44.456997,143.442144,44.454095,143.121437,44.276566,142.96599,44.102449,143.130263,44.105334,143.449102,44.282352,143.605529,0
239,43.74710017,142.8220283,830,43.924939,142.975694,43.921041,142.657834,43.743045,142.50511,43.569443,142.66926,43.573317,142.985285,43.750816,143.138987,0
240,43.21314117,142.3663855,233,43.391456,142.517381,43.386581,142.202333,43.208113,142.052267,43.035006,142.216266,43.039854,142.529512,43.217837,142.680554,0
241,42.67774533,141.9186287,70,42.856541,142.067016,42.850703,141.754745,42.671761,141.607275,42.499129,141.771097,42.504935,142.081598,42.683403,142.230041,0
242,41.6026,141.0460417,0,41.782368,141.189394,41.774653,140.882571,41.59475,140.740113,41.42301,140.903506,41.430683,141.208621,41.610136,141.352045,0
243,41.062827,140.6208593,93,41.243086,140.761781,41.234456,140.45763,41.054066,140.317592,40.882745,140.480736,40.891329,140.783208,41.07128,140.924209,0
244,40.52157033,140.2028572,212,40.702326,140.341404,40.692794,140.039891,40.511912,139.902216,40.340991,140.06509,40.350473,140.364955,40.530926,140.503587,0
245,39.97881667,139.791871,0,40.160073,139.928097,40.149653,139.629188,39.968275,139.493823,39.797735,139.656407,39.808102,139.953696,39.989062,140.090015,0
246,38.34143133,138.5994293,0,38.524219,138.729005,38.511212,138.437708,38.328316,138.30896,38.158815,138.470565,38.171759,138.760326,38.354267,138.890012,0
247,37.79254417,138.2149482,0,37.975853,138.342406,37.962008,138.053581,37.778595,137.926939,37.609405,138.088185,37.623185,138.375502,37.806219,138.503076,0
248,37.24208383,137.8367247,0,37.425919,137.962113,37.411247,137.675726,37.227311,137.551144,37.058417,137.712016,37.073022,137.99692,37.256587,138.122429,0
249,36.69003367,137.4646187,705,36.874401,137.587983,36.858913,137.304003,36.674449,137.181435,36.505833,137.341919,36.521252,137.624441,36.705354,137.747931,0
250,36.13637567,137.0984937,103,36.321281,137.219879,36.304987,136.938275,36.119988,136.817675,35.951636,136.977758,35.967858,137.25793,36.152504,137.379445,0
251,35.58109167,136.7382182,189,35.766541,136.857668,35.749452,136.578409,35.563912,136.459734,35.395806,136.619404,35.412822,136.897255,35.598017,137.016839,0
252,35.024163,136.3836625,114,35.210164,136.50122,35.192287,136.224274,35.006201,136.107481,34.838325,136.266727,34.856125,136.542289,35.041876,136.659984,0
253,34.46557,136.034702,519,34.652128,136.150408,34.633475,135.875746,34.446834,135.760794,34.279173,135.919604,34.297748,136.192906,34.484062,136.308754,0
254,33.90529233,135.6912137,977,34.092414,135.805109,34.072993,135.5327,33.885791,135.419549,33.71833,135.577913,33.737672,135.848985,33.924554,135.963026,0
255,25.8716815,131.3957248,0,26.06754,131.487962,26.038098,131.244163,25.842195,131.152545,25.675955,131.30393,25.70531,131.546669,25.900991,131.63908,0
256,43.9279855,143.2935907,575,44.105334,143.449102,44.102449,143.130263,43.924939,142.975694,43.750816,143.138987,43.753684,143.45598,43.930691,143.611518,1
257,43.39548767,142.8324762,919,43.573317,142.985285,43.569443,142.66926,43.391456,142.517381,43.217837,142.680554,43.221689,142.994766,43.399184,143.147611,1
258,42.86153983,142.3793433,670,43.039854,142.529512,43.035006,142.216266,42.856541,142.067016,42.683403,142.230041,42.688225,142.541505,42.86621,142.69172,1
259,42.32613217,141.934008,0,42.504935,142.081598,42.499129,141.771097,42.320182,141.624414,42.147507,141.787264,42.15328,142.096015,42.33176,142.24366,1
260,41.25089383,141.0660112,177,41.430683,141.208621,41.42301,140.903506,41.243086,140.761781,41.07128,140.924209,41.078913,141.227635,41.258391,141.370315,1
261,40.71104033,140.6430033,81,40.891329,140.783208,40.882745,140.480736,40.702326,140.341404,40.530926,140.503587,40.539466,140.804401,40.71945,140.944684,1
262,40.16968083,140.2270992,56,40.350473,140.364955,40.340991,140.06509,40.160073,139.928097,39.989062,140.090015,39.998496,140.388249,40.17899,140.526189,1
263,39.62680133,139.8181372,0,39.808102,139.953696,39.797735,139.656407,39.616314,139.521699,39.445673,139.683332,39.455988,139.979019,39.636996,140.11467,1
264,37.98890483,138.6313488,0,38.171759,138.760326,38.158815,138.470565,37.975853,138.342406,37.806219,138.503076,37.819103,138.791317,38.00168,138.920403,1
265,37.4398025,138.248621,0,37.623185,138.375502,37.609405,138.088185,37.425919,137.962113,37.256587,138.122429,37.270304,138.408251,37.453415,138.535246,1
266,36.889105,137.8720887,415,37.073022,137.99692,37.058417,137.712016,36.874401,137.587983,36.705354,137.747931,36.719893,138.031366,36.903543,138.156316,1
267,36.3367955,137.5016138,142,36.521252,137.624441,36.505833,137.341919,36.321281,137.219879,36.152504,137.379445,36.167854,137.660524,36.352049,137.783475,1
268,35.78285583,137.1370627,640,35.967858,137.25793,35.951636,136.977758,35.766541,136.857668,35.598017,137.016839,35.614169,137.295593,35.798914,137.416588,1
269,35.22726817,136.7783048,2,35.412822,136.897255,35.395806,136.619404,35.210164,136.50122,35.041876,136.659984,35.058819,136.936442,35.244122,137.055524,1
270,34.67001333,136.4252135,13,34.856125,136.542289,34.838325,136.266727,34.652128,136.150408,34.484062,136.308754,34.501787,136.582946,34.687653,136.700157,1
271,34.11107167,136.0776647,557,34.297748,136.192906,34.279173,135.919604,34.092414,135.805109,33.924554,135.963026,33.943053,136.234981,34.129488,136.350362,1
272,33.5504235,135.7355383,85,33.737672,135.848985,33.71833,135.577913,33.531002,135.465203,33.363332,135.622681,33.382597,135.892429,33.569608,136.006019,1
273,44.10736583,143.7679678,0,44.284218,143.925337,44.282352,143.605529,44.105334,143.449102,43.930691,143.611518,43.932546,143.929468,44.109054,144.086853,2
274,43.57634533,143.3013465,104,43.753684,143.45598,43.750816,143.138987,43.573317,142.985285,43.399184,143.147611,43.402035,143.462778,43.579036,143.617438,2
275,43.0438615,142.8428042,187,43.221689,142.994766,43.217837,142.680554,43.039854,142.529512,42.86621,142.69172,42.870041,143.004138,43.047538,143.156135,2
276,42.5099045,142.3921543,246,42.688225,142.541505,42.683403,142.230041,42.504935,142.081598,42.33176,142.24366,42.336554,142.553363,42.51455,142.702759,2
277,41.43753183,141.5138072,0,41.616847,141.658117,41.610136,141.352045,41.430683,141.208621,41.258391,141.370315,41.265066,141.674687,41.444068,141.819058,2
278,40.89909483,141.0857598,0,41.078913,141.227635,41.07128,140.924209,40.891329,140.783208,40.71945,140.944684,40.727043,141.246439,40.906554,141.388384,2
279,40.35914167,140.6649045,311,40.539466,140.804401,40.530926,140.503587,40.350473,140.364955,40.17899,140.526189,40.187486,140.825361,40.367509,140.964934,2
280,39.81766033,140.2510778,556,39.998496,140.388249,39.989062,140.090015,39.808102,139.953696,39.636996,140.11467,39.646383,140.411291,39.826923,140.548546,2
281,39.27463683,139.8441203,0,39.455988,139.979019,39.445673,139.683332,39.264202,139.549275,39.093456,139.709967,39.10372,140.00407,39.284782,140.139059,2
282,38.730058,139.4438768,0,38.91193,139.576555,38.900746,139.283381,38.71876,139.151535,38.548355,139.311928,38.559485,139.603544,38.741072,139.736318,2
283,37.63617533,138.6629333,0,37.819103,138.791317,37.806219,138.503076,37.623185,138.375502,37.453415,138.535246,37.466238,138.821984,37.648892,138.950475,2
284,37.08684067,138.2819432,13,37.270304,138.408251,37.256587,138.122429,37.073022,137.99692,36.903543,138.156316,36.917197,138.440661,37.100391,138.567082,2
285,36.53588883,137.9070873,805,36.719893,138.031366,36.705354,137.747931,36.521252,137.624441,36.352049,137.783475,36.366522,138.065457,36.550263,138.189854,2
286,35.98330267,137.5382302,139,36.167854,137.660524,36.152504,137.379445,35.967858,137.25793,35.798914,137.416588,35.814197,137.696239,35.998489,137.818655,2
287,35.4290645,137.1752397,358,35.614169,137.295593,35.598017,137.016839,35.412822,136.897255,35.244122,137.055524,35.260203,137.332874,35.445054,137.453353,2
288,34.873156,136.8179877,0,35.058819,136.936442,35.041876,136.659984,34.856125,136.542289,34.687653,136.700157,34.704524,136.975235,34.889939,137.093819,2
289,34.3155585,136.4663488,378,34.501787,136.582946,34.484062,136.308754,34.297748,136.192906,34.129488,136.350362,34.14714,136.623197,34.333126,136.739928,2
290,33.75625217,136.1202017,0,33.943053,136.234981,33.924554,135.963026,33.737672,135.848985,33.569608,136.006019,33.588032,136.276641,33.774594,136.391558,2
291,24.55630933,131.240649,0,24.753354,131.331054,24.723411,131.091181,24.526324,131.001377,24.359391,131.150671,24.38925,131.389518,24.586126,131.480093,0
292,44.28522917,144.245161,0,44.46158,144.404399,44.460739,144.083632,44.284218,143.925337,44.109054,144.086853,44.10989,144.405751,44.285894,144.564994,0
293,43.7557035,143.7729988,160,43.932546,143.929468,43.930691,143.611518,43.753684,143.45598,43.579036,143.617438,43.580881,143.933552,43.757383,144.090037,0
294,43.22469917,143.3090132,275,43.402035,143.462778,43.399184,143.147611,43.221689,142.994766,43.047538,143.156135,43.050373,143.469499,43.227376,143.62329,0
295,42.69220833,142.853015,171,42.870041,143.004138,42.86621,142.69172,42.688225,142.541505,42.51455,142.702759,42.518359,143.013405,42.695865,143.164563,0
296,42.15822183,142.4048205,0,42.336554,142.553363,42.33176,142.24366,42.15328,142.096015,41.980063,142.257125,41.984831,142.565087,42.162843,142.713673,0
297,41.08572383,141.5311308,0,41.265066,141.674687,41.258391,141.370315,41.078913,141.227635,40.906554,141.388384,40.913193,141.691074,41.092226,141.83469,0
298,40.5471905,141.1052913,195,40.727043,141.246439,40.71945,140.944684,40.539466,140.804401,40.367509,140.964934,40.375063,141.265037,40.554612,141.406253,0
299,40.00711933,140.6865672,904,40.187486,140.825361,40.17899,140.526189,39.998496,140.388249,39.826923,140.548546,39.835376,140.846094,40.015445,140.984964,0
300,39.46549767,140.2747972,106,39.646383,140.411291,39.636996,140.11467,39.455988,139.979019,39.284782,140.139059,39.294122,140.434084,39.474715,140.57066,0
301,38.922312,139.8698248,0,39.10372,140.00407,39.093456,139.709967,38.91193,139.576555,38.741072,139.736318,38.751286,140.028853,38.932408,140.163186,0
302,38.37754883,139.4714972,176,38.559485,139.603544,38.548355,139.311928,38.366306,139.180703,38.19578,139.340172,38.206856,139.630247,38.388511,139.762389,0
303,37.83119417,139.0796665,0,38.013662,139.209564,38.00168,138.920403,37.819103,138.791317,37.648892,138.950475,37.660818,139.238121,37.84301,139.368119,0
304,37.2832325,138.6941875,110,37.466238,138.821984,37.453415,138.535246,37.270304,138.408251,37.100391,138.567082,37.113156,138.85233,37.295891,138.980232,0
305,36.73364817,138.3149198,348,36.917197,138.440661,36.903543,138.156316,36.719893,138.031366,36.550263,138.189854,36.563855,138.472735,36.747138,138.598587,0
306,36.18242467,137.941726,623,36.366522,138.065457,36.352049,137.783475,36.167854,137.660524,35.998489,137.818655,36.012899,138.099199,36.196735,138.223046,0
307,35.629545,137.5744732,123,35.814197,137.696239,35.798914,137.416588,35.614169,137.295593,35.445054,137.453353,35.46027,137.73159,35.644666,137.853476,0
308,35.0749915,137.2130307,96,35.260203,137.332874,35.244122,137.055524,35.058819,136.936442,34.889939,137.093819,34.905952,137.369779,35.090914,137.489746,0
309,34.518746,136.8572727,4,34.704524,136.975235,34.687653,136.700157,34.501787,136.582946,34.333126,136.739928,34.349927,137.01364,34.535459,137.13173,0
310,33.960789,136.5070753,0,34.14714,136.623197,34.129488,136.350362,33.943053,136.234981,33.774594,136.391558,33.792174,136.66305,33.978285,136.779304,0
311,43.93354983,144.2474343,128,44.10989,144.405751,44.109054,144.086853,43.932546,143.929468,43.757383,144.090037,43.758214,144.407088,43.934212,144.565409,1
312,43.40404167,143.7779718,352,43.580881,143.933552,43.579036,143.617438,43.402035,143.462778,43.227376,143.62329,43.229209,143.937589,43.405713,144.093184,1
313,42.87303267,143.3165922,145,43.050373,143.469499,43.047538,143.156135,42.870041,143.004138,42.695865,143.164563,42.698684,143.476143,42.875695,143.629075,1
314,42.340515,142.8631102,633,42.518359,143.013405,42.51455,142.702759,42.336554,142.553363,42.162843,142.713673,42.166631,143.022566,42.344153,143.172895,1
315,40.73381767,141.5482633,0,40.913193,141.691074,40.906554,141.388384,40.727043,141.246439,40.554612,141.406253,40.561217,141.70728,40.740287,141.85015,1
316,40.1951695,141.1246095,305,40.375063,141.265037,40.367509,140.964934,40.187486,140.825361,40.015445,140.984964,40.02296,141.283433,40.202554,141.423928,1
317,39.65496167,140.707995,225,39.835376,140.846094,39.826923,140.548546,39.646383,140.411291,39.474715,140.57066,39.483126,140.866603,39.663247,141.004776,1
318,39.11318133,140.2982615,253,39.294122,140.434084,39.284782,140.139059,39.10372,140.00407,38.932408,140.163186,38.941702,140.456633,39.122354,140.592537,1
319,38.56981567,139.8952553,361,38.751286,140.028853,38.741072,139.736318,38.559485,139.603544,38.388511,139.762389,38.398676,140.053372,38.579864,140.187056,1
320,38.02485067,139.4988258,134,38.206856,139.630247,38.19578,139.340172,38.013662,139.209564,37.84301,139.368119,37.854034,139.656669,38.035762,139.788184,1
321,37.47827267,139.1088273,302,37.660818,139.238121,37.648892,138.950475,37.466238,138.821984,37.295891,138.980232,37.307762,139.26638,37.490035,139.395772,1
322,36.93006567,138.725117,107,37.113156,138.85233,37.100391,138.567082,36.917197,138.440661,36.747138,138.598587,36.759845,138.882362,36.942667,139.00968,1
323,36.3802145,138.3475565,749,36.563855,138.472735,36.550263,138.189854,36.366522,138.065457,36.196735,138.223046,36.210267,138.50448,36.393645,138.629767,1
324,35.8287025,137.9760108,650,36.012899,138.099199,35.998489,137.818655,35.814197,137.696239,35.644666,137.853476,35.659013,138.132597,35.842951,138.255899,1
325,35.27551267,137.6103485,985,35.46027,137.73159,35.445054,137.453353,35.260203,137.332874,35.090914,137.489746,35.106065,137.766584,35.29057,137.887944,1
326,34.720627,137.2504418,0,34.905952,137.369779,34.889939,137.093819,34.704524,136.975235,34.535459,137.13173,34.551405,137.406314,34.736483,137.525774,1
327,34.164028,136.8961657,0,34.349927,137.01364,34.333126,136.739928,34.14714,136.623197,33.978285,136.779304,33.995017,137.051662,34.180673,137.169263,1
328,44.10987283,144.724654,0,44.285705,144.884829,44.285894,144.564994,44.10989,144.405751,43.934212,144.565409,43.934024,144.883386,44.109512,145.043555,2
329,43.58187783,144.2496817,309,43.758214,144.407088,43.757383,144.090037,43.580881,143.933552,43.405713,144.093184,43.406539,144.408409,43.582537,144.56582,2
330,43.052367,143.7828878,326,43.229209,143.937589,43.227376,143.62329,43.050373,143.469499,42.875695,143.629075,42.877519,143.941579,43.05403,144.096295,2
331,42.52133317,143.3240853,70,42.698684,143.476143,42.695865,143.164563,42.518359,143.013405,42.344153,143.172895,42.346956,143.482712,42.523982,143.634794,2
332,41.988769,142.8730917,0,42.166631,143.022566,42.162843,142.713673,41.984831,142.565087,41.811076,142.724465,41.814845,143.031625,41.992388,143.181134,2
333,40.3818015,141.5652082,319,40.561217,141.70728,40.554612,141.406253,40.375063,141.265037,40.202554,141.423928,40.209125,141.72331,40.388238,141.865441,2
334,39.84302,141.1437173,232,40.02296,141.283433,40.015445,140.984964,39.835376,140.846094,39.663247,141.004776,39.670724,141.301628,39.850368,141.441409,2
335,39.30265717,140.7291915,279,39.483126,140.866603,39.474715,140.57066,39.294122,140.434084,39.122354,140.592537,39.130724,140.886891,39.310902,141.024374,2
336,38.7607005,140.321475,139,38.941702,140.456633,38.932408,140.163186,38.751286,140.028853,38.579864,140.187056,38.589113,140.478942,38.76983,140.61418,2
337,38.217137,139.9204162,719,38.398676,140.053372,38.388511,139.762389,38.206856,139.630247,38.035762,139.788184,38.045879,140.077632,38.227138,140.210673,2
338,37.67195283,139.5258668,246,37.854034,139.656669,37.84301,139.368119,37.660818,139.238121,37.490035,139.395772,37.501007,139.682813,37.682813,139.813707,2
339,37.12513367,139.1376838,941,37.307762,139.26638,37.295891,138.980232,37.113156,138.85233,36.942667,139.00968,36.954484,139.294344,37.136842,139.423137,2
340,36.5766645,138.7557265,711,36.759845,138.882362,36.747138,138.598587,36.563855,138.472735,36.393645,138.629767,36.406294,138.912085,36.58921,139.038823,2
341,36.02652933,138.3798583,200,36.210267,138.50448,36.196735,138.223046,36.012899,138.099199,35.842951,138.255899,35.856423,138.535899,36.039901,138.660627,2
342,35.47471217,138.0099468,132,35.659013,138.132597,35.644666,137.853476,35.46027,137.73159,35.29057,137.887944,35.304854,138.165656,35.4889,138.288418,2
343,34.9211955,137.6458622,502,35.106065,137.766584,35.090914,137.489746,34.905952,137.369779,34.736483,137.525774,34.75157,137.801226,34.936189,137.922064,2
344,44.28466117,145.2046578,0,44.45998,145.366701,44.4612,145.045941,44.285705,144.884829,44.109512,145.043555,44.108299,145.362447,44.283271,145.524474,0
345,43.75819583,144.7241433,135,43.934024,144.883386,43.934212,144.565409,43.758214,144.407088,43.582537,144.56582,43.58235,144.88196,43.757838,145.041197,0
346,43.23019983,144.251903,133,43.406539,144.408409,43.405713,144.093184,43.229209,143.937589,43.05403,144.096295,43.054851,144.409715,43.230857,144.566226,0
347,42.700666,143.7877478,0,42.877519,143.941579,42.875695,143.629075,42.698684,143.476143,42.523982,143.634794,42.525795,143.945525,42.702321,144.099371,0
348,42.16958783,143.3314938,0,42.346956,143.482712,42.344153,143.172895,42.166631,143.022566,41.992388,143.181134,41.995176,143.489207,42.172223,143.640449,0
349,40.02966367,141.5819682,923,40.209125,141.72331,40.202554,141.423928,40.02296,141.283433,39.850368,141.441409,39.856906,141.739165,40.036069,141.880564,0
350,39.4907305,141.1626185,87,39.670724,141.301628,39.663247,141.004776,39.483126,140.866603,39.310902,141.024374,39.318342,141.319628,39.498042,141.458702,0
351,38.95019467,140.7501608,116,39.130724,140.886891,39.122354,140.592537,38.941702,140.456633,38.76983,140.61418,38.778158,140.906961,38.9584,141.043763,0
352,38.408044,140.3444415,81,38.589113,140.478942,38.579864,140.187056,38.398676,140.053372,38.227138,140.210673,38.236343,140.501014,38.41713,140.635592,0
353,37.86426517,139.9453115,707,38.045879,140.077632,38.035762,139.788184,37.854034,139.656669,37.682813,139.813707,37.692883,140.101636,37.87422,140.234041,0
354,37.31884417,139.5526252,784,37.501007,139.682813,37.490035,139.395772,37.307762,139.26638,37.136842,139.423137,37.147764,139.708685,37.329655,139.838964,0
355,36.77176717,139.166241,137,36.954484,139.294344,36.942667,139.00968,36.759845,138.882362,36.58921,139.038823,36.600973,139.322019,36.783424,139.450218,0
356,36.2230185,138.7860212,304,36.406294,138.912085,36.393645,138.629767,36.210267,138.50448,36.039901,138.660627,36.052495,138.941502,36.235509,139.067666,0
357,35.672583,138.4118308,735,35.856423,138.535899,35.842951,138.255899,35.659013,138.132597,35.4889,138.288418,35.502314,138.566999,35.685897,138.691173,0
358,35.12044383,138.0435393,132,35.304854,138.165656,35.29057,137.887944,35.106065,137.766584,34.936189,137.922064,34.950413,138.198381,35.134572,138.320607,0
359,34.5665835,137.6810193,0,34.75157,137.801226,34.736483,137.525774,34.551405,137.406314,34.381752,137.56144,34.396776,137.83552,34.581515,137.955842,0
360,43.93298483,145.201357,0,44.108299,145.362447,44.109512,145.043555,43.934024,144.883386,43.757838,145.041197,43.756632,145.358242,43.931604,145.519315,1
361,43.40652,144.7236385,115,43.58235,144.88196,43.582537,144.56582,43.406539,144.408409,43.230857,144.566226,43.230671,144.88055,43.406166,145.038866,1
362,42.8785025,144.2540988,0,43.054851,144.409715,43.05403,144.096295,42.877519,143.941579,42.702321,144.099371,42.703137,144.411006,42.879157,144.566627,1
363,41.817784,143.3388193,0,41.995176,143.489207,41.992388,143.181134,41.814845,143.031625,41.640558,143.18928,41.643331,143.495629,41.820406,143.646041,1
364,40.2148825,142.0227502,0,40.393861,142.165729,40.388238,141.865441,40.209125,141.72331,40.036069,141.880564,40.041662,142.179215,40.22034,142.322242,1
365,39.67739233,141.5985458,686,39.856906,141.739165,39.850368,141.441409,39.670724,141.301628,39.498042,141.458702,39.504548,141.754848,39.683766,141.895523,1
366,39.1382895,141.1813165,33,39.318342,141.319628,39.310902,141.024374,39.130724,140.886891,38.9584,141.043763,38.965803,141.337434,39.145566,141.475809,1
367,38.59756333,140.7709062,70,38.778158,140.906961,38.76983,140.61418,38.589113,140.478942,38.41713,140.635592,38.425419,140.926818,38.60573,141.062944,1
368,38.055201,140.367165,117,38.236343,140.501014,38.227138,140.210673,38.045879,140.077632,37.87422,140.234041,37.883381,140.522852,38.064245,140.656778,1
369,37.511189,139.9699455,468,37.692883,140.101636,37.682813,139.813707,37.501007,139.682813,37.329655,139.838964,37.339678,140.12539,37.521098,140.257163,1
370,36.9655145,139.5791048,849,37.147764,139.708685,37.136842,139.423137,36.954484,139.294344,36.783424,139.450218,36.794296,139.734288,36.976277,139.863957,1
371,36.41816217,139.1945035,191,36.600973,139.322019,36.58921,139.038823,36.406294,138.912085,36.235509,139.067666,36.24722,139.349409,36.429767,139.477019,1
372,35.86911767,138.8160055,165,36.052495,138.941502,36.039901,138.660627,35.856423,138.535899,35.685897,138.691173,35.698436,138.970618,35.881554,139.096214,1
373,35.31836517,138.4434785,193,35.502314,138.566999,35.4889,138.288418,35.304854,138.165656,35.134572,138.320607,35.147928,138.597783,35.331623,138.721408,1
374,34.765887,138.0767937,41,34.950413,138.198381,34.936189,137.922064,34.75157,137.801226,34.581515,137.955842,34.595679,138.230777,34.779956,138.352472,1
375,43.58131617,145.1980943,1,43.756632,145.358242,43.757838,145.041197,43.58235,144.88196,43.406166,145.038866,43.404966,145.354085,43.579945,145.514216,2
376,43.05483133,144.7231393,67,43.230671,144.88055,43.230857,144.566226,43.054851,144.409715,42.879157,144.566627,42.878972,144.879156,43.05448,145.036562,2
377,39.862633,142.036977,0,40.041662,142.179215,40.036069,141.880564,39.856906,141.739165,39.683766,141.895523,39.689331,142.192554,39.868064,142.334841,2
378,39.324976,141.614945,529,39.504548,141.754848,39.498042,141.458702,39.318342,141.319628,39.145566,141.475809,39.152039,141.770362,39.331319,141.910321,2
379,38.78568617,141.199814,19,38.965803,141.337434,38.9584,141.043763,38.778158,140.906961,38.60573,141.062944,38.613097,141.35505,38.792929,141.492732,2
380,38.24475183,140.7914315,204,38.425419,140.926818,38.41713,140.635592,38.236343,140.501014,38.064245,140.656778,38.072494,140.946465,38.25288,141.081922,2
381,37.70216033,140.3896492,214,37.883381,140.522852,37.87422,140.234041,37.692883,140.101636,37.521098,140.257163,37.530217,140.544462,37.711163,140.677741,2
382,37.1578985,139.9943227,148,37.339678,140.12539,37.329655,139.838964,37.147764,139.708685,36.976277,139.863957,36.986254,140.148896,37.167763,140.280044,2
383,36.61195317,139.6053105,597,36.794296,139.734288,36.783424,139.450218,36.600973,139.322019,36.429767,139.477019,36.440591,139.759627,36.622668,139.888692,2
384,36.06430917,139.2224758,213,36.24722,139.349409,36.235509,139.067666,36.052495,138.941502,35.881554,139.096214,35.893213,139.376519,36.075864,139.503545,2
385,35.514952,138.8456845,654,35.698436,138.970618,35.685897,138.691173,35.502314,138.566999,35.331623,138.721408,35.344107,138.999439,35.527335,139.12447,2
386,34.96386517,138.4748063,26,35.147928,138.597783,35.134572,138.320607,34.950413,138.198381,34.779956,138.352472,34.793255,138.628258,34.977067,138.751337,2
387,43.2296415,145.1948692,14,43.404966,145.354085,43.406166,145.038866,43.230671,144.88055,43.05448,145.036562,43.053287,145.349976,43.228279,145.509176,0
388,39.51024517,142.0510497,0,39.689331,142.192554,39.683766,141.895523,39.504548,141.754848,39.331319,141.910321,39.336857,142.20575,39.51565,142.347302,0
389,38.972404,141.631168,64,39.152039,141.770362,39.145566,141.475809,38.965803,141.337434,38.792929,141.492732,38.79937,141.785711,38.978717,141.92496,0
390,38.43290933,141.2181148,3,38.613097,141.35505,38.60573,141.062944,38.425419,140.926818,38.25288,141.081922,38.260212,141.372479,38.440118,141.509476,0
391,37.89174933,140.81174,33,38.072494,140.946465,38.064245,140.656778,37.883381,140.522852,37.711163,140.677741,37.719373,140.965905,37.89984,141.100699,0
392,37.3489115,140.4118982,250,37.530217,140.544462,37.521098,140.257163,37.339678,140.12539,37.167763,140.280044,37.17684,140.565846,37.357873,140.698484,0
393,36.80438283,140.0184465,208,36.986254,140.148896,36.976277,139.863957,36.794296,139.734288,36.622668,139.888692,36.632599,140.172158,36.814203,140.302688,0
394,36.25814983,139.6312462,16,36.440591,139.759627,36.429767,139.477019,36.24722,139.349409,36.075864,139.503545,36.086639,139.784705,36.268818,139.913172,0
395,35.71019717,139.2501622,264,35.893213,139.376519,35.881554,139.096214,35.698436,138.970618,35.527335,139.12447,35.538943,139.403352,35.721702,139.5298,0
396,35.16051083,138.8750627,174,35.344107,138.999439,35.331623,138.721408,35.147928,138.597783,34.977067,138.751337,34.989498,139.027968,35.172842,139.152441,0
397,43.40292183,145.6692878,0,43.577726,145.830319,43.579945,145.514216,43.404966,145.354085,43.228279,145.509176,43.226073,145.823463,43.400542,145.984468,1
398,42.877947,145.1916807,0,43.053287,145.349976,43.05448,145.036562,42.878972,144.879156,42.702768,145.034284,42.701582,145.345913,42.876593,145.504193,1
399,39.15770767,142.0649712,0,39.336857,142.20575,39.331319,141.910321,39.152039,141.770362,38.978717,141.92496,38.984227,142.218804,39.163087,142.35963,1
400,38.619665,141.647218,0,38.79937,141.785711,38.792929,141.492732,38.613097,141.35505,38.440118,141.509476,38.446528,141.800896,38.625948,141.939443,1
401,37.538545,140.8318355,546,37.719373,140.965905,37.711163,140.677741,37.530217,140.544462,37.357873,140.698484,37.366045,140.985142,37.546599,141.119279,1
402,36.99544383,140.4339153,287,37.17684,140.565846,37.167763,140.280044,36.986254,140.148896,36.814203,140.302688,36.823238,140.587007,37.004365,140.719011,1
403,36.45063167,140.0423212,72,36.632599,140.172158,36.622668,139.888692,36.440591,139.759627,36.268818,139.913172,36.278705,140.195181,36.460409,140.325097,1
404,35.904094,139.6569162,15,36.086639,139.784705,36.075864,139.503545,35.893213,139.376519,35.721702,139.5298,35.73243,139.809527,35.914716,139.937401,1
405,35.3558165,139.2775672,29,35.538943,139.403352,35.527335,139.12447,35.344107,138.999439,35.172842,139.152441,35.1844,139.429913,35.367272,139.555788,1
406,34.805784,138.9041448,478,34.989498,139.027968,34.977067,138.751337,34.793255,138.628258,34.622221,138.780966,34.634599,139.056211,34.818064,139.180129,1
407,43.05125333,145.6633738,0,43.226073,145.823463,43.228279,145.509176,43.053287,145.349976,42.876593,145.504193,42.8744,145.816686,43.048888,145.976749,2
408,38.26674733,141.6630973,0,38.446528,141.800896,38.440118,141.509476,38.260212,141.372479,38.087123,141.526042,38.093502,141.81592,38.273001,141.953771,2
409,37.72679067,141.2541378,0,37.907137,141.389724,37.89984,141.100699,37.719373,140.965905,37.546599,141.119279,37.553862,141.406787,37.733933,141.542433,2
410,37.18512817,140.851721,382,37.366045,140.985142,37.357873,140.698484,37.17684,140.565846,37.004365,140.719011,37.0125,141.004178,37.193146,141.137665,2
411,36.64174683,140.4557042,285,36.823238,140.587007,36.814203,140.302688,36.632599,140.172158,36.460409,140.325097,36.469403,140.60795,36.650629,140.739325,2
412,36.09663433,140.0659503,28,36.278705,140.195181,36.268818,139.913172,36.086639,139.784705,35.914716,139.937401,35.924559,140.217967,36.106369,140.347276,2
413,35.5497755,139.6823242,10,35.73243,139.809527,35.721702,139.5298,35.538943,139.403352,35.367272,139.555788,35.377954,139.834096,35.560352,139.961382,2
414,35.001157,139.304695,0,35.1844,139.429913,35.172842,139.152441,34.989498,139.027968,34.818064,139.180129,34.829573,139.456206,35.012565,139.581513,2
415,34.45076217,138.9329352,0,34.634599,139.056211,34.622221,138.780966,34.438287,138.658426,34.267074,138.810298,34.279401,139.08417,34.462991,139.20754,2
416,37.37342733,141.2718665,0,37.553862,141.406787,37.546599,141.119279,37.366045,140.985142,37.193146,141.137665,37.200375,141.423673,37.380537,141.558653,0
417,36.831488,140.8713995,0,37.0125,141.004178,37.004365,140.719011,36.823238,140.587007,36.650629,140.739325,36.658726,141.023016,36.83947,141.15586,0
418,36.28781033,140.4772687,25,36.469403,140.60795,36.460409,140.325097,36.278705,140.195181,36.106369,140.347276,36.115323,140.628678,36.296653,140.75943,0
419,35.74238033,140.0893378,23,35.924559,140.217967,35.914716,139.937401,35.73243,139.809527,35.560352,139.961382,35.570152,140.240522,35.752073,140.369228,0
420,35.1951845,139.7074747,0,35.377954,139.834096,35.367272,139.555788,35.1844,139.429913,35.012565,139.581513,35.0232,139.858417,35.205716,139.985121,0
421,34.64620783,139.33155,0,34.829573,139.456206,34.818064,139.180129,34.634599,139.056211,34.462991,139.20754,34.474452,139.482235,34.657568,139.606979,0
422,36.47761467,140.8908745,0,36.658726,141.023016,36.650629,140.739325,36.469403,140.60795,36.296653,140.75943,36.304715,141.04166,36.485562,141.173866,1
423,35.93362333,140.4986118,2,36.115323,140.628678,36.106369,140.347276,35.924559,140.217967,35.752073,140.369228,35.760988,140.649193,35.942428,140.779329,1
424,35.38786,140.1124875,103,35.570152,140.240522,35.560352,139.961382,35.377954,139.834096,35.205716,139.985121,35.215474,140.262847,35.397512,140.390957,1
425,34.8403105,139.7323713,0,35.0232,139.858417,35.012565,139.581513,34.829573,139.456206,34.657568,139.606979,34.668159,139.882493,34.850798,140.00862,1
426,34.29095983,139.3581358,0,34.474452,139.482235,34.462991,139.20754,34.279401,139.08417,34.107614,139.234676,34.119027,139.508004,34.302274,139.63219,1
427,35.57917617,140.5197372,0,35.760988,140.649193,35.752073,140.369228,35.570152,140.240522,35.397512,140.390957,35.406388,140.669499,35.587944,140.799024,2
428,35.03306283,140.1354028,0,35.215474,140.262847,35.205716,139.985121,35.0232,139.858417,34.850798,140.00862,34.860515,140.284947,35.042674,140.412465,2
429,33.93540267,139.384457,0,34.119027,139.508004,34.107614,139.234676,33.923892,139.111852,33.751923,139.261543,33.763289,139.533517,33.946671,139.65715,0
430,35.76912533,140.9292272,0,35.950454,141.060113,35.942428,140.779329,35.760988,140.649193,35.587944,140.799024,35.595934,141.078378,35.777004,141.209326,0
431,35.22445833,140.540648,0,35.406388,140.669499,35.397512,140.390957,35.215474,140.262847,35.042674,140.412465,35.051513,140.6896,35.233189,140.81852,0
432,34.12967367,139.7814183,0,34.31282,139.906328,34.302274,139.63219,34.119027,139.508004,33.946671,139.65715,33.957174,139.929925,34.140076,140.054913,2
433,33.77389117,139.805576,0,33.957174,139.929925,33.946671,139.65715,33.763289,139.533517,33.59075,139.681862,33.601211,139.953288,33.784252,140.077714,1
434,33.06134833,139.8531775,0,33.24492,139.97642,33.234502,139.70633,33.050833,139.58379,32.877915,139.730558,32.888292,139.999325,33.071628,140.122642,0
435,31.989941,139.9228485,0,32.173985,140.044467,32.163689,139.778307,31.979551,139.657371,31.80603,139.801836,31.816287,140.06671,32.000104,140.1884,0
436,30.3909955,140.4134945,0,30.575435,140.53373,30.566166,140.273156,30.381635,140.153571,30.206681,140.293843,30.215916,140.553185,30.40014,140.673482,0
437,27.3321315,140.952369,0,27.517973,141.069209,27.509802,140.818669,27.323876,140.702427,27.1464,140.836074,27.154545,141.085473,27.340193,141.202362,0
438,27.907959,142.0600223,0,28.092252,142.180318,28.086549,141.927848,27.902166,141.808152,27.723774,141.940288,27.729459,142.191599,27.913554,142.311929,0
439,27.54493333,142.0718285,0,27.729459,142.191599,27.723774,141.940288,27.53916,141.821111,27.360515,141.952614,27.366181,142.202777,27.550511,142.322582,1
440,27.18141817,142.0835272,0,27.366181,142.202777,27.360515,141.952614,27.175664,141.833952,26.996761,141.964828,27.002409,142.213854,27.186979,142.333138,0
441,26.8174035,142.0951193,0,27.002409,142.213854,26.996761,141.964828,26.811669,141.846676,26.632502,141.976931,26.638133,142.22483,26.822947,142.343597,1
442,26.45287983,142.1066068,0,26.638133,142.22483,26.632502,141.976931,26.447164,141.859285,26.26773,141.988925,26.273343,142.235707,26.458407,142.353963,0
443,25.33699267,141.408518,0,25.523808,141.523543,25.516593,141.27908,25.329698,141.164621,25.150278,141.294014,25.157472,141.537392,25.344107,141.652458,0
444,24.77550983,141.0665583,0,24.963117,141.180029,24.95512,140.937257,24.767436,140.824347,24.588002,140.9536,24.595977,141.195301,24.783407,141.308816,0
445,24.97038967,141.4228457,0,25.157472,141.537392,25.150278,141.294014,24.963117,141.180029,24.783407,141.308816,24.79058,141.551118,24.977484,141.665705,1
446,24.60322717,141.4370467,0,24.79058,141.551118,24.783407,141.308816,24.595977,141.195301,24.415972,141.323488,24.423125,141.564723,24.610302,141.678834,2
447,24.26454567,153.751805,0,24.437611,153.892032,24.458048,153.651699,24.284868,153.511935,24.091537,153.612157,24.071158,153.851449,24.244052,153.991558,0
448,24.41645317,154.1322458,0,24.58891,154.273517,24.610183,154.032841,24.437611,153.892032,24.244052,153.991558,24.222839,154.23119,24.395124,154.372337,1
